Top pages,Clicks,Impressions,CTR,Position
https://acsdebtcollection.com.au/,720,140329,0.51%,26.86
https://acsdebtcollection.com.au/request-for-collections-form/,77,3044,2.53%,15.34
https://acsdebtcollection.com.au/our-story/,46,1114,4.13%,7.24
https://acsdebtcollection.com.au/sydney-debt-collection-agency-award-winning-debt-collectors/,22,15037,0.15%,48.99
https://acsdebtcollection.com.au/services/acs-pay-as-you-go/,15,2664,0.56%,15.13
https://acsdebtcollection.com.au/additional-services/,14,2461,0.57%,6.17
https://acsdebtcollection.com.au/services/repoessession/,9,1251,0.72%,10.85
https://acsdebtcollection.com.au/awards/,9,670,1.34%,34.69
https://acsdebtcollection.com.au/services/final-demand-letters/,8,1557,0.51%,39.52
https://acsdebtcollection.com.au/make-a-payment/,8,373,2.14%,16.79
https://acsdebtcollection.com.au/services/diy-debt-collection-kit/,4,126,3.17%,23.32
https://acsdebtcollection.com.au/sign-up-to-our-newsletter/,4,99,4.04%,27.7
https://acsdebtcollection.com.au/services/investigations/,3,700,0.43%,18.18
https://acsdebtcollection.com.au/services/legal-action-for-debt-recovery/,3,333,0.9%,30.64
https://acsdebtcollection.com.au/we-are-hiring/,3,177,1.69%,21.1
https://acsdebtcollection.com.au/client-login/,2,2962,0.07%,27.88
https://acsdebtcollection.com.au/faqs/,2,297,0.67%,14.62
https://acsdebtcollection.com.au/blog/,2,222,0.9%,15.75
https://acsdebtcollection.com.au/debt-collection-packages-and-pricing/,1,1671,0.06%,51.2
https://acsdebtcollection.com.au/how-to-find-the-best-debt-collector/,1,1604,0.06%,62.31
https://acsdebtcollection.com.au/what-can-i-expect-from-acs/,1,624,0.16%,8.72
https://acsdebtcollection.com.au/when-is-the-right-time-to-call-the-debt-collectors/,1,543,0.18%,50.01
https://acsdebtcollection.com.au/services/test-service/,1,315,0.32%,7.98
https://acsdebtcollection.com.au/services/,1,148,0.68%,5.79
https://acsdebtcollection.com.au/sense-of-entitlement/,1,116,0.86%,13.79
https://acsdebtcollection.com.au/sydneydebtcollectionagency/,1,111,0.9%,31.05
https://acsdebtcollection.com.au/80-of-business-owners-hate-asking-for-their-money/,1,101,0.99%,16.18
https://acsdebtcollection.com.au/category/media/,1,83,1.2%,8.58
https://acsdebtcollection.com.au/process-serving/,1,81,1.23%,8.81
https://acsdebtcollection.com.au/homemade-cupcakes-to-raise-money-for-charity/,1,28,3.57%,19.89
https://acsdebtcollection.com.au/receivables-management/,0,543,0%,13.93
https://acsdebtcollection.com.au/legal-action-for-debt-recovery/,0,336,0%,5.72
https://acsdebtcollection.com.au/services/credit-application-forms/,0,200,0%,29.67
https://acsdebtcollection.com.au/guarantee/,0,196,0%,25.79
https://acsdebtcollection.com.au/services/acs-premium-package/,0,164,0%,16.21
https://acsdebtcollection.com.au/privacy-policy/,0,124,0%,36.43
https://acsdebtcollection.com.au/three-reasons-why-you-should-use-a-debt-collector/,0,85,0%,45.85
https://acsdebtcollection.com.au/mip/,0,71,0%,4.99
https://acsdebtcollection.com.au/tag/debt-collector-sydney/,0,61,0%,73.54
https://acsdebtcollection.com.au/empathy-brings-just-rewards-featured-article-in-the-torch/,0,58,0%,40.14
https://acsdebtcollection.com.au/show-me-the-money-4-tips-to-preventing-bad-debts/,0,39,0%,56.26
https://acsdebtcollection.com.au/debt-collection-myths-debunked-read-the-following-to-help-you/,0,36,0%,48.53
https://acsdebtcollection.com.au/blog/page/2/,0,27,0%,9.7
https://acsdebtcollection.com.au/category/news/,0,20,0%,11.4
https://acsdebtcollection.com.au/tag/nsw-debt-collector/,0,20,0%,81.55
https://acsdebtcollection.com.au/tag/accounts-receivables/,0,19,0%,35.58
https://acsdebtcollection.com.au/abc-radio-interviews-ceo-sonia-ferlauto-on-debt-on-the-rise/,0,17,0%,27
https://acsdebtcollection.com.au/category/uncategorised/,0,14,0%,7.07
https://acsdebtcollection.com.au/we-can-smell-an-unpaid-debtor-in-4-seconds/,0,14,0%,8.5
https://acsdebtcollection.com.au/services/mip/,0,12,0%,6.67
https://acsdebtcollection.com.au/ceiling-still-hard-to-crack-featured-article-in-the-telegraph/,0,9,0%,35.78
https://acsdebtcollection.com.au/tag/debt-collector/,0,8,0%,52.62
https://acsdebtcollection.com.au/services/process/,0,5,0%,4.2
https://acsdebtcollection.com.au/debt-collected-within-24-hours-acs-debt-collection-collects-accounts-in-24-hours/,0,5,0%,29.2
https://acsdebtcollection.com.au/tag/debt-collected-within-24-hours/,0,5,0%,30
https://acsdebtcollection.com.au/book-contributions/,0,3,0%,3
https://acsdebtcollection.com.au/its-a-piece-of-cake-featured-article-in-the-torch/,0,3,0%,64
https://acsdebtcollection.com.au/office-closed-2020/,0,2,0%,16
https://acsdebtcollection.com.au/tag/overdue-accounts/,0,2,0%,16
https://acsdebtcollection.com.au/category/resources/,0,2,0%,18.5
https://acsdebtcollection.com.au/blog/page/3/,0,1,0%,3
https://acsdebtcollection.com.au/debt-collection-,0,1,0%,7
https://acsdebtcollection.com.au/smh.php,0,1,0%,7
https://acsdebtcollection.com.au/its-only-a-matter-of-time-debt-collection-works/,0,1,0%,8
https://acsdebtcollection.com.au/tag/debt-collecting-agency/,0,1,0%,9
https://acsdebtcollection.com.au/are-you-hoping-your-customers-will-just-pay-you/,0,1,0%,34
https://acsdebtcollection.com.au/wp-content/uploads/2019/05/ACS-logo-250x150.png,0,1,0%,64