Keyword,Monthly Search Volume
heating and cooling frankston,170
heating and cooling camberwell,170
heating and cooling glen waverley,170
heating and cooling hawthorn,170
heating and cooling mornington,90
heating and cooling kew,140
heating and cooling malvern,110
heating and cooling brighton,90
heating and cooling st kilda,70
heating and cooling burwood,0
heating and cooling clayton,50
heating and cooling hampton,30
heating and cooling moorabbin,40
heating and cooling cheltenham,0
heating and cooling rosebud,20
heating and cooling mckinnon,0
heating and cooling elwood,0
air conditioning frankston,260
air conditioning camberwell,170
air conditioning glen waverley,170
air conditioning hawthorn,170
air conditioning mornington,210
air conditioning kew,140
air conditioning malvern,110
air conditioning brighton,110
air conditioning st kilda,90
air conditioning burwood,140
air conditioning clayton,70
air conditioning hampton,50
air conditioning moorabbin,40
air conditioning cheltenham,70
air conditioning rosebud,40
air conditioning mckinnon,40
air conditioning elwood,20
ducted heating frankston,20
ducted heating camberwell,90
ducted heating glen waverley,70
ducted heating hawthorn,0
ducted heating mornington,70
ducted heating kew,0
ducted heating malvern,0
ducted heating brighton,0
ducted heating st kilda,0
ducted heating burwood,0
ducted heating clayton,0
ducted heating hampton,0
ducted heating moorabbin,10
ducted heating cheltenham,0
ducted heating rosebud,0
ducted heating mckinnon,0
ducted heating elwood,0
